Workbook

Sheet Read Me
A1: AI Inventory and Governance Assessment
A4: Portfolio purpose
A5: A practical demonstration of AI inventory management, risk categorisation, governance control assessment, gap analysis, and executive reporting.
A8: Scope
A9: Six illustrative AI systems used by a fictional mid-sized organisation. Replace the sample entries with verified organisational data before operational use.
A12: Deliverables
A13: 1. AI Inventory Register 2. AI Risk Register 3. Governance Gap Assessment 4. Executive Summary Dashboard
A16: Framework alignment
A17: EU AI Act risk-based approach; ISO/IEC 42001 AI management system concepts; NIST AI RMF Govern, Map, Measure, Manage; UK principles of safety, transparency, fairness, accountability, and contestability.
A20: How to use
A21: Update blue-font input cells. Formula-driven scores and dashboard metrics update in Excel. Review risks monthly and whenever a system, data source, vendor, or use case materially changes.
A24: Important note
A25: All systems, ratings, owners, dates, and findings are synthetic portfolio examples, not verified facts about any real organisation.

Sheet AI Inventory
A1: System ID | B1: AI System | C1: Primary Purpose | D1: System Type | E1: Business Function | F1: Data Processed | G1: Vendor / Hosting | H1: Primary Owner | I1: Users | J1: Decision Impact | K1: Human Oversight | L1: Lifecycle Status | M1: Risk Tier | N1: Last Review | O1: Next Review | P1: Notes
A2: AI-001 | B2: Microsoft 365 Copilot | C2: Drafting, search and productivity support | D2: Generative AI assistant | E2: Corporate Services | F2: Email, documents, meeting content | G2: Cloud SaaS | H2: Digital Workplace Lead | I2: Employees | J2: Advisory | K2: Human reviews output | L2: Production | M2: Medium | N2: 2026-07-15 | O2: 2026-10-15 | P2: Use limited to approved tenant and business content.
A3: AI-002 | B3: Customer Support Chatbot | C3: Answer common customer questions | D3: Generative AI agent | E3: Customer Service | F3: Customer queries, help articles | G3: Cloud SaaS | H3: Customer Service Manager | I3: Customers and agents | J3: Advisory | K3: Agent escalation available | L3: Production | M3: Medium | N3: 2026-07-20 | O3: 2026-10-20 | P3: Knowledge base retrieval and escalation controls required.
A4: AI-003 | B4: Recruitment Screening Tool | C4: Rank job applications | D4: Predictive decision support | E4: Human Resources | F4: CVs, employment history, assessment data | G4: Cloud SaaS | H4: Head of Talent Acquisition | I4: Recruiters | J4: Material | K4: Human approves shortlist | L4: Pilot | M4: High | N4: 2026-08-01 | O4: 2026-09-01 | P4: High impact on employment opportunity.
A5: AI-004 | B5: Invoice Anomaly Detector | C5: Flag unusual invoices for review | D5: Machine learning classifier | E5: Finance | F5: Invoices, supplier records, payment history | G5: Private cloud | H5: Finance Operations Lead | I5: Finance analysts | J5: Advisory | K5: Analyst validates alert | L5: Production | M5: Medium | N5: 2026-06-30 | O5: 2026-09-30 | P5: Does not block payment automatically.
A6: AI-005 | B6: Security Log Triage Agent | C6: Prioritise security alerts and enrich cases | D6: AI agent | E6: Cybersecurity | F6: Security logs, alerts, asset metadata | G6: Private cloud | H6: SOC Manager | I6: Security analysts | J6: Operational | K6: Analyst approves containment | L6: Pilot | M6: High | N6: 2026-08-05 | O6: 2026-09-05 | P6: Tool access must use least privilege and full logging.
A7: AI-006 | B7: Meeting Transcription Assistant | C7: Create transcripts and meeting summaries | D7: Speech and generative AI | E7: Corporate Services | F7: Voice, transcript, participant names | G7: Cloud SaaS | H7: Collaboration Services Lead | I7: Employees | J7: Low | K7: User reviews summary | L7: Production | M7: Low | N7: 2026-07-10 | O7: 2027-01-10 | P7: Consent, retention and access settings must be clear.

Sheet AI Risk Register
A1: Risk ID | B1: System ID | C1: AI System | D1: Risk Statement | E1: Category | F1: Affected Stakeholders | G1: Inherent Likelihood | H1: Inherent Impact | I1: Inherent Score | J1: Current Controls | K1: Control Effectiveness | L1: Residual Likelihood | M1: Residual Impact | N1: Residual Score | O1: Residual Rating | P1: Risk Owner | Q1: Treatment | R1: Action | S1: Target Date | T1: Status | U1: Evidence | V1: Framework Link
A2: R-001 | B2: AI-003 | C2: Recruitment Screening Tool | D2: Biased ranking could disadvantage qualified candidates. | E2: Fairness | F2: Applicants, recruiters | G2: 4 | H2: 5 | I2: =G2*H2 | J2: Human review; periodic outcome testing; vendor documentation | K2: 3 | L2: 2 | M2: 4 | N2: =L2*M2 | O2: =IF(N2>=15,"Critical",IF(N2>=10,"High",IF(N2>=5,"Medium","Low"))) | P2: Head of Talent Acquisition | Q2: Mitigate | R2: Complete independent bias test and define appeal route | S2: 2026-09-15 | T2: Open | U2: Bias test report; review records | V2: EU AI Act; NIST MAP/MEASURE; ISO 42001 impact assessment
A3: R-002 | B3: AI-001 | C3: Microsoft 365 Copilot | D3: Sensitive content could be exposed through poor permissions or sharing. | E3: Privacy / Security | F3: Employees, clients | G3: 3 | H3: 5 | I3: =G3*H3 | J3: Tenant controls; sensitivity labels; access reviews | K3: 3 | L3: 2 | M3: 4 | N3: =L3*M3 | O3: =IF(N3>=15,"Critical",IF(N3>=10,"High",IF(N3>=5,"Medium","Low"))) | P3: Digital Workplace Lead | Q3: Mitigate | R3: Review oversharing and high-risk repositories | S3: 2026-10-01 | T3: In Progress | U3: Access review; label policy; monitoring logs | V3: NIST GOVERN/MANAGE; ISO 42001 controls
A4: R-003 | B4: AI-002 | C4: Customer Support Chatbot | D4: Incorrect answers could mislead customers or create service harm. | E4: Reliability | F4: Customers | G4: 4 | H4: 3 | I4: =G4*H4 | J4: Approved knowledge base; escalation; response monitoring | K4: 3 | L4: 2 | M4: 3 | N4: =L4*M4 | O4: =IF(N4>=15,"Critical",IF(N4>=10,"High",IF(N4>=5,"Medium","Low"))) | P4: Customer Service Manager | Q4: Mitigate | R4: Add high-risk topic blocklist and quality sampling | S4: 2026-09-30 | T4: In Progress | U4: Sample results; escalation logs | V4: EU AI Act transparency; NIST MEASURE/MANAGE
A5: R-004 | B5: AI-005 | C5: Security Log Triage Agent | D5: Excessive permissions could cause unintended system actions. | E5: Agentic / Security | F5: IT operations, customers | G5: 3 | H5: 5 | I5: =G5*H5 | J5: Least privilege; approval gate; action logging; sandbox | K5: 3 | L5: 2 | M5: 4 | N5: =L5*M5 | O5: =IF(N5>=15,"Critical",IF(N5>=10,"High",IF(N5>=5,"Medium","Low"))) | P5: SOC Manager | Q5: Mitigate | R5: Test kill switch and quarterly permission review | S5: 2026-09-05 | T5: Open | U5: Permission review; test results; audit logs | V5: NIST MANAGE; ISO 42001 operational controls
A6: R-005 | B6: AI-004 | C6: Invoice Anomaly Detector | D6: Model drift could reduce detection accuracy and delay valid payments. | E6: Performance | F6: Finance, suppliers | G6: 3 | H6: 3 | I6: =G6*H6 | J6: Monthly performance review; analyst validation | K6: 3 | L6: 2 | M6: 2 | N6: =L6*M6 | O6: =IF(N6>=15,"Critical",IF(N6>=10,"High",IF(N6>=5,"Medium","Low"))) | P6: Finance Operations Lead | Q6: Monitor | R6: Define drift thresholds and retraining trigger | S6: 2026-09-30 | T6: Open | U6: Performance dashboard; validation records | V6: NIST MEASURE; ISO 42001 monitoring
A7: R-006 | B7: AI-006 | C7: Meeting Transcription Assistant | D7: Transcripts could be retained or accessed beyond business need. | E7: Privacy | F7: Meeting participants | G7: 3 | H7: 4 | I7: =G7*H7 | J7: Restricted access; retention setting; user notification | K7: 3 | L7: 2 | M7: 3 | N7: =L7*M7 | O7: =IF(N7>=15,"Critical",IF(N7>=10,"High",IF(N7>=5,"Medium","Low"))) | P7: Collaboration Services Lead | Q7: Mitigate | R7: Document consent and retention standard | S7: 2026-10-15 | T7: Open | U7: Retention policy; access logs | V7: UK privacy principle; ISO 42001 data controls
A8: R-007 | B8: AI-002 | C8: Customer Support Chatbot | D8: Prompt injection could manipulate retrieval or reveal restricted content. | E8: Security | F8: Customers, organisation | G8: 4 | H8: 4 | I8: =G8*H8 | J8: Input filtering; scoped retrieval; red-team testing | K8: 2 | L8: 3 | M8: 4 | N8: =L8*M8 | O8: =IF(N8>=15,"Critical",IF(N8>=10,"High",IF(N8>=5,"Medium","Low"))) | P8: Customer Service Manager | Q8: Mitigate | R8: Segment knowledge index and strengthen retrieval authorization | S8: 2026-09-20 | T8: Open | U8: Red-team report; retrieval logs | V8: NIST MANAGE; secure-by-design
A9: R-008 | B9: AI-001 | C9: Microsoft 365 Copilot | D9: Users may rely on hallucinated or incomplete output without verification. | E9: Human Factors | F9: Employees, decision-makers | G9: 4 | H9: 3 | I9: =G9*H9 | J9: User guidance; citations; human review | K9: 2 | L9: 3 | M9: 3 | N9: =L9*M9 | O9: =IF(N9>=15,"Critical",IF(N9>=10,"High",IF(N9>=5,"Medium","Low"))) | P9: Digital Workplace Lead | Q9: Mitigate | R9: Launch AI literacy module and verification checklist | S9: 2026-09-30 | T9: Open | U9: Training records; guidance document | V9: EU AI Act Article 4; NIST GOVERN

Sheet Gap Assessment
A1: Gap ID | B1: Governance Domain | C1: Current State | D1: Target State | E1: Gap / Finding | F1: Risk Priority | G1: Recommended Action | H1: Owner | I1: Target Date | J1: Status | K1: Evidence Required | L1: Framework Mapping
A2: G-001 | B2: AI Inventory | C2: Known tools listed manually | D2: Complete, owned, regularly reviewed inventory | E2: No formal discovery process for new or unapproved AI tools. | F2: High | G2: Establish intake process, quarterly attestation, and Shadow AI discovery review. | H2: AI Governance Lead | I2: 2026-10-31 | J2: Open | K2: Approved inventory; attestations; discovery report | L2: NIST GOVERN 1; ISO/IEC 42001 context and inventory
A3: G-002 | B3: Risk and Impact Assessment | C3: Assessments vary by project | D3: Consistent risk-based assessment before approval | E3: No standard AI impact assessment template or approval threshold. | F3: High | G3: Adopt one assessment covering purpose, stakeholders, data, rights, safety, security, and residual risk. | H3: Enterprise Risk Lead | I3: 2026-09-30 | J3: Open | K3: Completed AIIA; approval decision | L3: NIST MAP; EU AI Act risk-based approach
A4: G-003 | B4: Human Oversight | C4: Oversight exists but is not consistently documented | D4: Clearly defined HITL, HOTL, or HIC controls | E4: Override authority and escalation triggers are unclear for two high-impact systems. | F4: High | G4: Document oversight model, pause authority, escalation trigger, and appeal route. | H4: Business System Owners | I4: 2026-09-30 | J4: In Progress | K4: RACI; operating procedure; test record | L4: EU AI Act human oversight; OECD accountability
A5: G-004 | B5: Data Governance | C5: Existing security controls apply | D5: AI-specific provenance, quality, bias and retention controls | E5: Data lineage and quality evidence is incomplete for recruitment and chatbot sources. | F5: High | G5: Create source register, provenance checks, quality rules, and retention review. | H5: Data Governance Lead | I5: 2026-10-15 | J5: Open | K5: Data sheet; lineage; quality report | L5: EU AI Act data governance; NIST MAP/MEASURE
A6: G-005 | B6: Monitoring and Logging | C6: Technical logs exist | D6: Risk-based monitoring tied to incidents and thresholds | E6: No unified AI monitoring metrics or retained evidence standard. | F6: Medium | G6: Define performance, bias, security, drift, incident, and human-override metrics. | H6: AI Operations Lead | I6: 2026-11-15 | J6: Open | K6: Monitoring standard; dashboards; log samples | L6: NIST MEASURE/MANAGE; EU AI Act logging
A7: G-006 | B7: Third-Party AI | C7: General vendor process | D7: AI-specific due diligence and contract clauses | E7: Vendor reviews do not consistently cover training use, retention, model changes, and incident notice. | F7: High | G7: Add AI vendor checklist and minimum contractual safeguards. | H7: Procurement Lead | I7: 2026-10-31 | J7: Open | K7: Vendor assessment; contract clauses | L7: NIST GOVERN; ISO/IEC 42001 supplier controls
A8: G-007 | B8: AI Literacy | C8: Informal awareness | D8: Role-based training and competence records | E8: Users lack consistent guidance on verification, sensitive data, and escalation. | F8: Medium | G8: Launch role-based AI literacy and maintain completion evidence. | H8: Learning and Development Lead | I8: 2026-10-15 | J8: Open | K8: Training material; attendance; assessment results | L8: EU AI Act Article 4; ISO/IEC 42001 competence
A9: G-008 | B9: Incident Response | C9: Cyber incident process exists | D9: AI incident playbook integrated with governance feedback | E9: AI-specific containment, evidence preservation, and retraining decisions are undefined. | F9: High | G9: Create AI incident playbook and test through a tabletop exercise. | H9: CISO / AI Governance Lead | I9: 2026-11-30 | J9: Open | K9: Playbook; exercise record; lessons learned | L9: NIST MANAGE; ISO/IEC 42001 improvement

Sheet Dashboard
A1: Executive Summary Dashboard
A3: Portfolio demonstration using synthetic data
A5: Total AI Systems | D5: High-Risk Systems | G5: Open Risks | J5: High-Priority Gaps
A6: =COUNTA('AI Inventory'!A2:A100) | D6: =COUNTIF('AI Inventory'!M2:M100,"High") | G6: =COUNTIF('AI Risk Register'!T2:T100,"Open") | J6: =COUNTIF('Gap Assessment'!F2:F100,"High")
A10: Risk Tier | B10: Count | D10: Gap Priority | E10: Count | G10: Residual Rating | H10: Count | J10: Risk Status | K10: Count
A11: High | B11: =COUNTIF('AI Inventory'!M:M,A11) | D11: High | E11: =COUNTIF('Gap Assessment'!F:F,D11) | G11: Critical | H11: =COUNTIF('AI Risk Register'!O:O,G11) | J11: Open | K11: =COUNTIF('AI Risk Register'!T:T,J11)
A12: Medium | B12: =COUNTIF('AI Inventory'!M:M,A12) | D12: Medium | E12: =COUNTIF('Gap Assessment'!F:F,D12) | G12: High | H12: =COUNTIF('AI Risk Register'!O:O,G12) | J12: In Progress | K12: =COUNTIF('AI Risk Register'!T:T,J12)
A13: Low | B13: =COUNTIF('AI Inventory'!M:M,A13) | D13: Low | E13: =COUNTIF('Gap Assessment'!F:F,D13) | G13: Medium | H13: =COUNTIF('AI Risk Register'!O:O,G13) | J13: Closed | K13: =COUNTIF('AI Risk Register'!T:T,J13)
G14: Low | H14: =COUNTIF('AI Risk Register'!O:O,G14) | J14: Accepted | K14: =COUNTIF('AI Risk Register'!T:T,J14)
A47: Management priorities
A48: 1. Formalise AI intake, inventory ownership and Shadow AI discovery.
A49: 2. Complete impact and bias assessment for the recruitment screening pilot.
A50: 3. Define human oversight, pause authority and escalation triggers for high-impact systems.
A51: 4. Strengthen provenance, quality and access controls for AI knowledge sources.
A52: 5. Launch role-based AI literacy and an AI incident response tabletop exercise.

Sheet Framework Mapping
A1: Project Activity | B1: NIST AI RMF | C1: ISO/IEC 42001 | D1: EU AI Act | E1: UK Principles | F1: Portfolio Evidence
A2: Maintain AI inventory | B2: GOVERN; MAP | C2: AI management system scope, roles, operational planning | D2: Supports classification and provider/deployer obligations | E2: Accountability | F2: AI Inventory Register
A3: Assess risks and impacts | B3: MAP; MEASURE | C3: AI risk and impact assessment | D3: Risk-based classification; high-risk requirements | E3: Safety; fairness | F3: AI Risk Register and AIIA evidence
A4: Define controls and treatment | B4: GOVERN; MANAGE | C4: Risk treatment and operational controls | D4: Risk management, data, logging, transparency, human oversight | E4: Safety; accountability | F4: Control descriptions and treatment actions
A5: Monitor performance and incidents | B5: MEASURE; MANAGE | C5: Performance evaluation, internal audit, improvement | D5: Post-market monitoring, logging, incident duties | E5: Safety; contestability | F5: Monitoring logs and incident records
A6: Report to leadership | B6: GOVERN | C6: Leadership, objectives, management review | D6: Demonstrates accountability and compliance oversight | E6: Accountability; transparency | F6: Executive Summary Dashboard
A9: Reference sources (official framework pages)
A10: https://www.nist.gov/itl/ai-risk-management-framework
A11: https://www.iso.org/standard/81230.html
A12: https://artificialintelligenceact.eu/
A13: https://www.gov.uk/government/publications/ai-regulation-a-pro-innovation-approach
